,Name,Age,School,Date
0,Himal,23,SBBS,2023-08-03
1,Sajina,21,SBBS,2023-08-4
2,Sajina,22,SBBS,2023-08-5
3,Sajina,23,SBBS,2023-08-6
4,Sajina,24,SBBS,2023-08-7
5,Sajina,25,SBBS,2023-08-8
6,Sajina,26,SBBS,2023-08-9
7,Sajina,27,SBBS,2023-08-10
8,Sajina,28,SBBS,2023-08-11
9,Sajina,29,SBBS,2023-08-12
10,Sajina,30,SBBS,2023-08-13
11,Sajina,31,SBBS,2023-08-14
12,Sajina,32,SBBS,2023-08-15
13,Sajina,33,SBBS,2023-08-16
14,Sajina,34,SBBS,2023-08-17
15,Sajina,35,SBBS,2023-08-18
16,Sajina,36,SBBS,2023-08-19
17,Sajina,37,SBBS,2023-08-20
18,Sajina,38,SBBS,2023-08-21
19,Sajina,39,SBBS,2023-08-22
,Name,Age,School,2023-08-23
20,Sajina,40,SBBS,2023-08-24
21,Sajina,41,SBBS,2023-08-25
22,Sajina,42,SBBS,2023-08-26
23,Sajina,43,SBBS,2023-08-27
24,Sajina,44,SBBS,2023-08-28
25,Sajina,45,SBBS,2023-08-29
26,Sajina,46,SBBS,2023-08-30
27,Sajina,47,SBBS,2023-08-31
28,Sajina,48,SBBS,2023-09-1
29,Sajina,49,SBBS,2023-09-2
30,Sajina,50,SBBS,2023-09-3
31,Sajina,51,SBBS,2023-09-4
32,Sajina,52,SBBS,2023-09-5
33,Sajina,53,SBBS,2023-09-6
34,Sajina,54,SBBS,2023-09-7
35,Sajina,55,SBBS,2023-09-8
36,Sajina,56,SBBS,2023-09-9
37,Sajina,57,SBBS,2023-09-10
38,Sajina,58,SBBS,2023-09-11
39,Sajina,59,SBBS,2023-09-12
,Name,Age,School,2023-09-13
40,Sajina,60,SBBS,2023-09-14
41,Sajina,61,SBBS,2023-09-15